encoder,spec,budget,seed,local_epochs,round,target,test_acc,test_f1_macro,val_acc,val_f1_macro,uplink_mb,downlink_mb,method,n_shots,pretrain_rounds
rnn,device:RealWorld_thigh:10,192,2,5,1,RealWorld_thigh,0.1506944444444444,0.0712905127824193,0.1411830357142857,0.0687542281468406,6.5224456787109375,6.5224456787109375,lfr,1,100
rnn,device:RealWorld_thigh:10,192,2,5,2,RealWorld_thigh,0.3097222222222222,0.1812315706467873,0.3052455357142857,0.1779824244146408,6.5224456787109375,6.5224456787109375,lfr,1,100
rnn,device:RealWorld_thigh:10,192,2,5,3,RealWorld_thigh,0.3145833333333333,0.1777993121046769,0.3069196428571428,0.1795989754577691,6.5224456787109375,6.5224456787109375,lfr,1,100
rnn,device:RealWorld_thigh:10,192,2,5,4,RealWorld_thigh,0.3190972222222222,0.1790957187510397,0.30859375,0.181864148490714,6.5224456787109375,6.5224456787109375,lfr,1,100
rnn,device:RealWorld_thigh:10,192,2,5,5,RealWorld_thigh,0.3190972222222222,0.1807706118162116,0.3102678571428571,0.185177926415675,6.5224456787109375,6.5224456787109375,lfr,1,100
rnn,device:RealWorld_thigh:10,192,2,5,6,RealWorld_thigh,0.3173611111111111,0.2366201301986246,0.29296875,0.1927455335554827,6.5224456787109375,6.5224456787109375,lfr,1,100
rnn,device:RealWorld_thigh:10,192,2,5,7,RealWorld_thigh,0.3211805555555556,0.1942934379703024,0.3197544642857143,0.1983010465828388,6.5224456787109375,6.5224456787109375,lfr,1,100
rnn,device:RealWorld_thigh:10,192,2,5,8,RealWorld_thigh,0.325,0.1994628523854154,0.32421875,0.2071746440716625,6.5224456787109375,6.5224456787109375,lfr,1,100
rnn,device:RealWorld_thigh:10,192,2,5,9,RealWorld_thigh,0.3298611111111111,0.2095510954997547,0.3286830357142857,0.2145916291680746,6.5224456787109375,6.5224456787109375,lfr,1,100
rnn,device:RealWorld_thigh:10,192,2,5,10,RealWorld_thigh,0.3402777777777778,0.2270214554300949,0.3359375,0.2256797744095831,6.5224456787109375,6.5224456787109375,lfr,1,100
rnn,device:RealWorld_thigh:10,192,2,5,11,RealWorld_thigh,0.3534722222222222,0.2476504915470077,0.3426339285714285,0.2375700569175609,6.5224456787109375,6.5224456787109375,lfr,1,100
rnn,device:RealWorld_thigh:10,192,2,5,12,RealWorld_thigh,0.3579861111111111,0.2585906783591274,0.3482142857142857,0.2489174188495169,6.5224456787109375,6.5224456787109375,lfr,1,100
rnn,device:RealWorld_thigh:10,192,2,5,13,RealWorld_thigh,0.365625,0.2722435998855943,0.3610491071428571,0.2657330048832163,6.5224456787109375,6.5224456787109375,lfr,1,100
rnn,device:RealWorld_thigh:10,192,2,5,14,RealWorld_thigh,0.3652777777777777,0.2766959080037297,0.3627232142857143,0.2675336974433746,6.5224456787109375,6.5224456787109375,lfr,1,100
rnn,device:RealWorld_thigh:10,192,2,5,15,RealWorld_thigh,0.3722222222222222,0.2836417259645103,0.3638392857142857,0.2672908319180483,6.5224456787109375,6.5224456787109375,lfr,1,100
rnn,device:RealWorld_thigh:10,192,2,5,16,RealWorld_thigh,0.3795138888888889,0.289657993712793,0.3694196428571428,0.2703941111875358,6.5224456787109375,6.5224456787109375,lfr,1,100
rnn,device:RealWorld_thigh:10,192,2,5,17,RealWorld_thigh,0.3833333333333333,0.2939900209530761,0.3755580357142857,0.2798691597320992,6.5224456787109375,6.5224456787109375,lfr,1,100
rnn,device:RealWorld_thigh:10,192,2,5,18,RealWorld_thigh,0.3888888888888889,0.302022584520187,0.3772321428571428,0.2856786089064658,6.5224456787109375,6.5224456787109375,lfr,1,100
rnn,device:RealWorld_thigh:10,192,2,5,19,RealWorld_thigh,0.3940972222222222,0.3141251519614455,0.3783482142857143,0.2948351339135976,6.5224456787109375,6.5224456787109375,lfr,1,100
rnn,device:RealWorld_thigh:10,192,2,5,20,RealWorld_thigh,0.3975694444444444,0.3235282949782621,0.3822544642857143,0.3033006887728026,6.5224456787109375,6.5224456787109375,lfr,1,100
rnn,device:RealWorld_thigh:10,192,2,5,21,RealWorld_thigh,0.4034722222222222,0.3338526875214287,0.3883928571428571,0.3134558244993251,6.5224456787109375,6.5224456787109375,lfr,1,100
rnn,device:RealWorld_thigh:10,192,2,5,22,RealWorld_thigh,0.4052083333333333,0.3380636084347992,0.3889508928571428,0.3162405577918581,6.5224456787109375,6.5224456787109375,lfr,1,100
rnn,device:RealWorld_thigh:10,192,2,5,23,RealWorld_thigh,0.4076388888888889,0.3425029051455925,0.3911830357142857,0.3201190378003315,6.5224456787109375,6.5224456787109375,lfr,1,100
rnn,device:RealWorld_thigh:10,192,2,5,24,RealWorld_thigh,0.4104166666666666,0.3468076986452789,0.3895089285714285,0.3196738146331222,6.5224456787109375,6.5224456787109375,lfr,1,100
rnn,device:RealWorld_thigh:10,192,2,5,25,RealWorld_thigh,0.4138888888888888,0.3526454577034014,0.3900669642857143,0.3218521076756387,6.5224456787109375,6.5224456787109375,lfr,1,100
rnn,device:RealWorld_thigh:10,192,2,5,26,RealWorld_thigh,0.4128472222222222,0.3531396210059838,0.3856026785714285,0.3205473410907972,6.5224456787109375,6.5224456787109375,lfr,1,100
rnn,device:RealWorld_thigh:10,192,2,5,27,RealWorld_thigh,0.4097222222222222,0.3531117952441656,0.3833705357142857,0.3200778866257559,6.5224456787109375,6.5224456787109375,lfr,1,100
rnn,device:RealWorld_thigh:10,192,2,5,28,RealWorld_thigh,0.4013888888888889,0.3499340593143367,0.3638392857142857,0.3126267980243293,6.5224456787109375,6.5224456787109375,lfr,1,100
rnn,device:RealWorld_thigh:10,192,2,5,29,RealWorld_thigh,0.3767361111111111,0.3700503488225804,0.3191964285714285,0.2965462326379037,6.5224456787109375,6.5224456787109375,lfr,1,100
rnn,device:RealWorld_thigh:10,192,2,5,30,RealWorld_thigh,0.4034722222222222,0.3817130040116225,0.4029017857142857,0.3576667251515386,6.5224456787109375,6.5224456787109375,lfr,1,100
rnn,device:RealWorld_thigh:10,192,2,5,31,RealWorld_thigh,0.4336805555555555,0.400174962970326,0.40234375,0.3556211073411928,6.5224456787109375,6.5224456787109375,lfr,1,100
rnn,device:RealWorld_thigh:10,192,2,5,32,RealWorld_thigh,0.3989583333333333,0.3823966312010916,0.4034598214285714,0.3652406721864253,6.5224456787109375,6.5224456787109375,lfr,1,100
rnn,device:RealWorld_thigh:10,192,2,5,33,RealWorld_thigh,0.4232638888888889,0.3972100677257306,0.4040178571428571,0.3590206776706867,6.5224456787109375,6.5224456787109375,lfr,1,100
rnn,device:RealWorld_thigh:10,192,2,5,34,RealWorld_thigh,0.4052083333333333,0.3863112834738402,0.4034598214285714,0.3594137218935223,6.5224456787109375,6.5224456787109375,lfr,1,100
rnn,device:RealWorld_thigh:10,192,2,5,35,RealWorld_thigh,0.4350694444444444,0.4047225126180671,0.3984375,0.3518501772849476,6.5224456787109375,6.5224456787109375,lfr,1,100
rnn,device:RealWorld_thigh:10,192,2,5,36,RealWorld_thigh,0.4392361111111111,0.4065952813501532,0.3989955357142857,0.3506461628052319,6.5224456787109375,6.5224456787109375,lfr,1,100
rnn,device:RealWorld_thigh:10,192,2,5,37,RealWorld_thigh,0.4211805555555555,0.3997397217039848,0.3995535714285714,0.3533066747924911,6.5224456787109375,6.5224456787109375,lfr,1,100
rnn,device:RealWorld_thigh:10,192,2,5,38,RealWorld_thigh,0.4409722222222222,0.4123107650793147,0.3989955357142857,0.3516478165692522,6.5224456787109375,6.5224456787109375,lfr,1,100
rnn,device:RealWorld_thigh:10,192,2,5,39,RealWorld_thigh,0.4052083333333333,0.3915373155968945,0.4012276785714285,0.3575386007933858,6.5224456787109375,6.5224456787109375,lfr,1,100
rnn,device:RealWorld_thigh:10,192,2,5,40,RealWorld_thigh,0.4388888888888889,0.4054344844154164,0.39453125,0.3437139658132362,6.5224456787109375,6.5224456787109375,lfr,1,100
rnn,device:RealWorld_thigh:10,192,2,5,41,RealWorld_thigh,0.4402777777777777,0.4084038737485251,0.3956473214285714,0.3462233756491448,6.5224456787109375,6.5224456787109375,lfr,1,100
rnn,device:RealWorld_thigh:10,192,2,5,42,RealWorld_thigh,0.4409722222222222,0.4116582058679743,0.3962053571428571,0.3488091968013349,6.5224456787109375,6.5224456787109375,lfr,1,100
rnn,device:RealWorld_thigh:10,192,2,5,43,RealWorld_thigh,0.4309027777777778,0.4091362503356632,0.3984375,0.3540353261889377,6.5224456787109375,6.5224456787109375,lfr,1,100
rnn,device:RealWorld_thigh:10,192,2,5,44,RealWorld_thigh,0.4076388888888889,0.3941651935646069,0.3995535714285714,0.3567105384286607,6.5224456787109375,6.5224456787109375,lfr,1,100
rnn,device:RealWorld_thigh:10,192,2,5,45,RealWorld_thigh,0.4420138888888889,0.4126802305834415,0.3973214285714285,0.3509208019018688,6.5224456787109375,6.5224456787109375,lfr,1,100
rnn,device:RealWorld_thigh:10,192,2,5,46,RealWorld_thigh,0.4315972222222222,0.4109079771527583,0.3967633928571428,0.3514061893745007,6.5224456787109375,6.5224456787109375,lfr,1,100
rnn,device:RealWorld_thigh:10,192,2,5,47,RealWorld_thigh,0.4350694444444444,0.4138192183410625,0.3973214285714285,0.3517350970241472,6.5224456787109375,6.5224456787109375,lfr,1,100
rnn,device:RealWorld_thigh:10,192,2,5,48,RealWorld_thigh,0.4114583333333333,0.3978554938129557,0.3973214285714285,0.3528533324953733,6.5224456787109375,6.5224456787109375,lfr,1,100
rnn,device:RealWorld_thigh:10,192,2,5,49,RealWorld_thigh,0.40625,0.3961678294193596,0.4012276785714285,0.3603622092707088,6.5224456787109375,6.5224456787109375,lfr,1,100
rnn,device:RealWorld_thigh:10,192,2,5,50,RealWorld_thigh,0.4409722222222222,0.4163438719446509,0.3989955357142857,0.353237880735193,6.5224456787109375,6.5224456787109375,lfr,1,100
rnn,device:RealWorld_thigh:10,192,2,5,51,RealWorld_thigh,0.4076388888888889,0.3965807656214684,0.3995535714285714,0.356453265740895,6.5224456787109375,6.5224456787109375,lfr,1,100
rnn,device:RealWorld_thigh:10,192,2,5,52,RealWorld_thigh,0.415625,0.4012908215526976,0.3989955357142857,0.3552026873019203,6.5224456787109375,6.5224456787109375,lfr,1,100
rnn,device:RealWorld_thigh:10,192,2,5,53,RealWorld_thigh,0.4409722222222222,0.4172706924067242,0.3984375,0.3521687686108428,6.5224456787109375,6.5224456787109375,lfr,1,100
rnn,device:RealWorld_thigh:10,192,2,5,54,RealWorld_thigh,0.4100694444444444,0.3981868678826681,0.4001116071428571,0.3563911825657345,6.5224456787109375,6.5224456787109375,lfr,1,100
rnn,device:RealWorld_thigh:10,192,2,5,55,RealWorld_thigh,0.4298611111111111,0.4116949339658495,0.3995535714285714,0.3551251693179762,6.5224456787109375,6.5224456787109375,lfr,1,100
rnn,device:RealWorld_thigh:10,192,2,5,56,RealWorld_thigh,0.4451388888888888,0.4225685683845728,0.4012276785714285,0.3556504783518843,6.5224456787109375,6.5224456787109375,lfr,1,100
rnn,device:RealWorld_thigh:10,192,2,5,57,RealWorld_thigh,0.4486111111111111,0.4241145410576734,0.4006696428571428,0.3553387976833582,6.5224456787109375,6.5224456787109375,lfr,1,100
rnn,device:RealWorld_thigh:10,192,2,5,58,RealWorld_thigh,0.4204861111111111,0.4076859396839603,0.3989955357142857,0.3548000688915413,6.5224456787109375,6.5224456787109375,lfr,1,100
rnn,device:RealWorld_thigh:10,192,2,5,59,RealWorld_thigh,0.4131944444444444,0.4052071544874758,0.4012276785714285,0.3602184027507242,6.5224456787109375,6.5224456787109375,lfr,1,100
rnn,device:RealWorld_thigh:10,192,2,5,60,RealWorld_thigh,0.4131944444444444,0.4061432040310532,0.40234375,0.3630383567377903,6.5224456787109375,6.5224456787109375,lfr,1,100
rnn,device:RealWorld_thigh:10,192,2,5,61,RealWorld_thigh,0.4142361111111111,0.4082483896443552,0.4034598214285714,0.3654273541075263,6.5224456787109375,6.5224456787109375,lfr,1,100
rnn,device:RealWorld_thigh:10,192,2,5,62,RealWorld_thigh,0.4149305555555556,0.4095544668233201,0.4029017857142857,0.3665488960403653,6.5224456787109375,6.5224456787109375,lfr,1,100
rnn,device:RealWorld_thigh:10,192,2,5,63,RealWorld_thigh,0.4173611111111111,0.4124892865346219,0.4029017857142857,0.368753550575737,6.5224456787109375,6.5224456787109375,lfr,1,100
rnn,device:RealWorld_thigh:10,192,2,5,64,RealWorld_thigh,0.4107638888888889,0.4087604564245766,0.3989955357142857,0.3706505960134371,6.5224456787109375,6.5224456787109375,lfr,1,100
rnn,device:RealWorld_thigh:10,192,2,5,65,RealWorld_thigh,0.4121527777777777,0.4100557752005878,0.4012276785714285,0.37292050949801,6.5224456787109375,6.5224456787109375,lfr,1,100
rnn,device:RealWorld_thigh:10,192,2,5,66,RealWorld_thigh,0.4177083333333333,0.4150615295548559,0.4034598214285714,0.3720261544433505,6.5224456787109375,6.5224456787109375,lfr,1,100
rnn,device:RealWorld_thigh:10,192,2,5,67,RealWorld_thigh,0.4163194444444444,0.4140689876061204,0.4040178571428571,0.373623178018144,6.5224456787109375,6.5224456787109375,lfr,1,100
rnn,device:RealWorld_thigh:10,192,2,5,68,RealWorld_thigh,0.41875,0.4167437336139641,0.4045758928571428,0.3732130246751561,6.5224456787109375,6.5224456787109375,lfr,1,100
rnn,device:RealWorld_thigh:10,192,2,5,69,RealWorld_thigh,0.4184027777777778,0.4166543003918225,0.40625,0.37553146022207,6.5224456787109375,6.5224456787109375,lfr,1,100
rnn,device:RealWorld_thigh:10,192,2,5,70,RealWorld_thigh,0.4208333333333333,0.4187678980216571,0.4068080357142857,0.3743098199128731,6.5224456787109375,6.5224456787109375,lfr,1,100
rnn,device:RealWorld_thigh:10,192,2,5,71,RealWorld_thigh,0.4204861111111111,0.4191091469924155,0.40625,0.3742432903282638,6.5224456787109375,6.5224456787109375,lfr,1,100
rnn,device:RealWorld_thigh:10,192,2,5,72,RealWorld_thigh,0.4204861111111111,0.4190236646402189,0.4068080357142857,0.3747765230890539,6.5224456787109375,6.5224456787109375,lfr,1,100
rnn,device:RealWorld_thigh:10,192,2,5,73,RealWorld_thigh,0.4215277777777778,0.4199093200577235,0.4084821428571428,0.3760691038852277,6.5224456787109375,6.5224456787109375,lfr,1,100
rnn,device:RealWorld_thigh:10,192,2,5,74,RealWorld_thigh,0.4184027777777778,0.4178346548874323,0.4079241071428571,0.3766486405677964,6.5224456787109375,6.5224456787109375,lfr,1,100
rnn,device:RealWorld_thigh:10,192,2,5,75,RealWorld_thigh,0.4194444444444444,0.4190475266844086,0.4095982142857143,0.3774831262225109,6.5224456787109375,6.5224456787109375,lfr,1,100
rnn,device:RealWorld_thigh:10,192,2,5,76,RealWorld_thigh,0.4194444444444444,0.41931856951816,0.41015625,0.378609541696474,6.5224456787109375,6.5224456787109375,lfr,1,100
rnn,device:RealWorld_thigh:10,192,2,5,77,RealWorld_thigh,0.4170138888888889,0.4173594960300442,0.41015625,0.378931769387439,6.5224456787109375,6.5224456787109375,lfr,1,100
rnn,device:RealWorld_thigh:10,192,2,5,78,RealWorld_thigh,0.4211805555555555,0.420794679483983,0.4112723214285714,0.3793326045550182,6.5224456787109375,6.5224456787109375,lfr,1,100
rnn,device:RealWorld_thigh:10,192,2,5,79,RealWorld_thigh,0.4194444444444444,0.4199335652722643,0.4140625,0.3826453947677065,6.5224456787109375,6.5224456787109375,lfr,1,100
rnn,device:RealWorld_thigh:10,192,2,5,80,RealWorld_thigh,0.4204861111111111,0.4205003641974404,0.4140625,0.3822757435925418,6.5224456787109375,6.5224456787109375,lfr,1,100
rnn,device:RealWorld_thigh:10,192,2,5,81,RealWorld_thigh,0.4270833333333333,0.4258677892981546,0.4168526785714285,0.3843388020045945,6.5224456787109375,6.5224456787109375,lfr,1,100
rnn,device:RealWorld_thigh:10,192,2,5,82,RealWorld_thigh,0.428125,0.4262277467685011,0.4174107142857143,0.3827529535218041,6.5224456787109375,6.5224456787109375,lfr,1,100
rnn,device:RealWorld_thigh:10,192,2,5,83,RealWorld_thigh,0.4131944444444444,0.4154904642188885,0.4151785714285714,0.3873605910127155,6.5224456787109375,6.5224456787109375,lfr,1,100
rnn,device:RealWorld_thigh:10,192,2,5,84,RealWorld_thigh,0.4152777777777778,0.4172423004809453,0.4151785714285714,0.3861573520171318,6.5224456787109375,6.5224456787109375,lfr,1,100
rnn,device:RealWorld_thigh:10,192,2,5,85,RealWorld_thigh,0.4086805555555555,0.4121789296244751,0.4129464285714285,0.3870177661769001,6.5224456787109375,6.5224456787109375,lfr,1,100
rnn,device:RealWorld_thigh:10,192,2,5,86,RealWorld_thigh,0.3993055555555556,0.4042990824418944,0.3688616071428571,0.3588115815761119,6.5224456787109375,6.5224456787109375,lfr,1,100
rnn,device:RealWorld_thigh:10,192,2,5,87,RealWorld_thigh,0.3996527777777778,0.4047832703571918,0.3521205357142857,0.3494941512141502,6.5224456787109375,6.5224456787109375,lfr,1,100
rnn,device:RealWorld_thigh:10,192,2,5,88,RealWorld_thigh,0.4003472222222222,0.405387102113833,0.3470982142857143,0.3460090472690251,6.5224456787109375,6.5224456787109375,lfr,1,100
rnn,device:RealWorld_thigh:10,192,2,5,89,RealWorld_thigh,0.4013888888888889,0.4065006396061561,0.3526785714285714,0.3498730675540247,6.5224456787109375,6.5224456787109375,lfr,1,100
rnn,device:RealWorld_thigh:10,192,2,5,90,RealWorld_thigh,0.4013888888888889,0.4067911755236535,0.3470982142857143,0.3465612128013259,6.5224456787109375,6.5224456787109375,lfr,1,100
rnn,device:RealWorld_thigh:10,192,2,5,91,RealWorld_thigh,0.403125,0.4083430568674113,0.3532366071428571,0.3504916890157422,6.5224456787109375,6.5224456787109375,lfr,1,100
rnn,device:RealWorld_thigh:10,192,2,5,92,RealWorld_thigh,0.4027777777777778,0.408355487966713,0.34765625,0.346985858821532,6.5224456787109375,6.5224456787109375,lfr,1,100
rnn,device:RealWorld_thigh:10,192,2,5,93,RealWorld_thigh,0.4045138888888889,0.4098998206021376,0.3515625,0.3492325788696124,6.5224456787109375,6.5224456787109375,lfr,1,100
rnn,device:RealWorld_thigh:10,192,2,5,94,RealWorld_thigh,0.4048611111111111,0.4101375477695964,0.359375,0.355340723122639,6.5224456787109375,6.5224456787109375,lfr,1,100
rnn,device:RealWorld_thigh:10,192,2,5,95,RealWorld_thigh,0.4045138888888889,0.4100552812921516,0.3454241071428571,0.3464633699209209,6.5224456787109375,6.5224456787109375,lfr,1,100
rnn,device:RealWorld_thigh:10,192,2,5,96,RealWorld_thigh,0.4045138888888889,0.409755279009637,0.3666294642857143,0.359354230755168,6.5224456787109375,6.5224456787109375,lfr,1,100
rnn,device:RealWorld_thigh:10,192,2,5,97,RealWorld_thigh,0.4045138888888889,0.4102238881697058,0.3459821428571428,0.3468676411447129,6.5224456787109375,6.5224456787109375,lfr,1,100
rnn,device:RealWorld_thigh:10,192,2,5,98,RealWorld_thigh,0.4059027777777778,0.4112186052049758,0.3638392857142857,0.3588766840859473,6.5224456787109375,6.5224456787109375,lfr,1,100
rnn,device:RealWorld_thigh:10,192,2,5,99,RealWorld_thigh,0.4059027777777778,0.4116683484695548,0.3470982142857143,0.3483425086253977,6.5224456787109375,6.5224456787109375,lfr,1,100
rnn,device:RealWorld_thigh:10,192,2,5,100,RealWorld_thigh,0.4052083333333333,0.4108692114751415,0.35546875,0.3533182625887472,6.5224456787109375,6.5224456787109375,lfr,1,100
rnn,device:RealWorld_thigh:10,192,2,5,101,RealWorld_thigh,0.4076388888888889,0.4131914088355374,0.3526785714285714,0.3517640427223742,6.5224456787109375,6.5224456787109375,lfr,1,100
rnn,device:RealWorld_thigh:10,192,2,5,102,RealWorld_thigh,0.4086805555555555,0.414164036965613,0.3532366071428571,0.3520298358716782,6.5224456787109375,6.5224456787109375,lfr,1,100
rnn,device:RealWorld_thigh:10,192,2,5,103,RealWorld_thigh,0.4086805555555555,0.4140516196321387,0.3532366071428571,0.352615194485123,6.5224456787109375,6.5224456787109375,lfr,1,100
rnn,device:RealWorld_thigh:10,192,2,5,104,RealWorld_thigh,0.4079861111111111,0.41344309443674,0.3599330357142857,0.3572096898865611,6.5224456787109375,6.5224456787109375,lfr,1,100
rnn,device:RealWorld_thigh:10,192,2,5,105,RealWorld_thigh,0.4076388888888889,0.4131260309845339,0.3582589285714285,0.3557492704133788,6.5224456787109375,6.5224456787109375,lfr,1,100
rnn,device:RealWorld_thigh:10,192,2,5,106,RealWorld_thigh,0.4083333333333333,0.4137999470063156,0.3604910714285714,0.3576065146300025,6.5224456787109375,6.5224456787109375,lfr,1,100
rnn,device:RealWorld_thigh:10,192,2,5,107,RealWorld_thigh,0.4090277777777777,0.4145136030089734,0.3599330357142857,0.3574073412059993,6.5224456787109375,6.5224456787109375,lfr,1,100
rnn,device:RealWorld_thigh:10,192,2,5,108,RealWorld_thigh,0.409375,0.4148221081775295,0.3610491071428571,0.3590348449066168,6.5224456787109375,6.5224456787109375,lfr,1,100
rnn,device:RealWorld_thigh:10,192,2,5,109,RealWorld_thigh,0.4104166666666666,0.4158501965324979,0.3627232142857143,0.3600445979479905,6.5224456787109375,6.5224456787109375,lfr,1,100
rnn,device:RealWorld_thigh:10,192,2,5,110,RealWorld_thigh,0.4107638888888889,0.4162331686373093,0.3537946428571428,0.3538839951137216,6.5224456787109375,6.5224456787109375,lfr,1,100
rnn,device:RealWorld_thigh:10,192,2,5,111,RealWorld_thigh,0.4125,0.4178839117685462,0.3560267857142857,0.3554407785568835,6.5224456787109375,6.5224456787109375,lfr,1,100
rnn,device:RealWorld_thigh:10,192,2,5,112,RealWorld_thigh,0.4118055555555555,0.4169487606493573,0.3610491071428571,0.35868759629643,6.5224456787109375,6.5224456787109375,lfr,1,100
rnn,device:RealWorld_thigh:10,192,2,5,113,RealWorld_thigh,0.4107638888888889,0.416392045319102,0.3537946428571428,0.3547425756269574,6.5224456787109375,6.5224456787109375,lfr,1,100
rnn,device:RealWorld_thigh:10,192,2,5,114,RealWorld_thigh,0.4121527777777777,0.4176726711717645,0.3565848214285714,0.3559412593533018,6.5224456787109375,6.5224456787109375,lfr,1,100
rnn,device:RealWorld_thigh:10,192,2,5,115,RealWorld_thigh,0.4125,0.4178340375908467,0.3610491071428571,0.3590188918676679,6.5224456787109375,6.5224456787109375,lfr,1,100
rnn,device:RealWorld_thigh:10,192,2,5,116,RealWorld_thigh,0.4121527777777777,0.4175256403591683,0.35546875,0.355017825955804,6.5224456787109375,6.5224456787109375,lfr,1,100
rnn,device:RealWorld_thigh:10,192,2,5,117,RealWorld_thigh,0.4135416666666666,0.4187758759030028,0.3565848214285714,0.3562180115360966,6.5224456787109375,6.5224456787109375,lfr,1,100
rnn,device:RealWorld_thigh:10,192,2,5,118,RealWorld_thigh,0.4142361111111111,0.4195765837536759,0.3565848214285714,0.3565204977332962,6.5224456787109375,6.5224456787109375,lfr,1,100
rnn,device:RealWorld_thigh:10,192,2,5,119,RealWorld_thigh,0.4145833333333333,0.4198369151701062,0.3577008928571428,0.3575436709439886,6.5224456787109375,6.5224456787109375,lfr,1,100
rnn,device:RealWorld_thigh:10,192,2,5,120,RealWorld_thigh,0.4142361111111111,0.419557783516327,0.3571428571428571,0.3573835923571267,6.5224456787109375,6.5224456787109375,lfr,1,100
rnn,device:RealWorld_thigh:10,192,2,5,121,RealWorld_thigh,0.4142361111111111,0.4196183964843872,0.3571428571428571,0.3575048294908325,6.5224456787109375,6.5224456787109375,lfr,1,100
rnn,device:RealWorld_thigh:10,192,2,5,122,RealWorld_thigh,0.4149305555555556,0.4202369633981069,0.3571428571428571,0.3578762448785828,6.5224456787109375,6.5224456787109375,lfr,1,100
rnn,device:RealWorld_thigh:10,192,2,5,123,RealWorld_thigh,0.4145833333333333,0.4200433760780007,0.3577008928571428,0.3591404640897917,6.5224456787109375,6.5224456787109375,lfr,1,100
rnn,device:RealWorld_thigh:10,192,2,5,124,RealWorld_thigh,0.4159722222222222,0.4213398765730411,0.3599330357142857,0.3602356468692181,6.5224456787109375,6.5224456787109375,lfr,1,100
rnn,device:RealWorld_thigh:10,192,2,5,125,RealWorld_thigh,0.4166666666666667,0.4221564457509941,0.3543526785714285,0.3569643379466647,6.5224456787109375,6.5224456787109375,lfr,1,100
rnn,device:RealWorld_thigh:10,192,2,5,126,RealWorld_thigh,0.4170138888888889,0.4225358843942617,0.3532366071428571,0.3562972986912978,6.5224456787109375,6.5224456787109375,lfr,1,100
rnn,device:RealWorld_thigh:10,192,2,5,127,RealWorld_thigh,0.4159722222222222,0.4214944863949317,0.3543526785714285,0.35718278641937,6.5224456787109375,6.5224456787109375,lfr,1,100
rnn,device:RealWorld_thigh:10,192,2,5,128,RealWorld_thigh,0.4170138888888889,0.4227918847645884,0.3565848214285714,0.3588714772360626,6.5224456787109375,6.5224456787109375,lfr,1,100
rnn,device:RealWorld_thigh:10,192,2,5,129,RealWorld_thigh,0.4177083333333333,0.4233681974537968,0.3571428571428571,0.3593023245862481,6.5224456787109375,6.5224456787109375,lfr,1,100
rnn,device:RealWorld_thigh:10,192,2,5,130,RealWorld_thigh,0.4177083333333333,0.4234325687998643,0.3532366071428571,0.3561274444902977,6.5224456787109375,6.5224456787109375,lfr,1,100
rnn,device:RealWorld_thigh:10,192,2,5,131,RealWorld_thigh,0.4180555555555555,0.4237416461243635,0.3543526785714285,0.357271884441356,6.5224456787109375,6.5224456787109375,lfr,1,100
rnn,device:RealWorld_thigh:10,192,2,5,132,RealWorld_thigh,0.41875,0.4243871039464784,0.3526785714285714,0.3561511749239552,6.5224456787109375,6.5224456787109375,lfr,1,100
rnn,device:RealWorld_thigh:10,192,2,5,133,RealWorld_thigh,0.41875,0.4244656661208556,0.3532366071428571,0.3567236142405144,6.5224456787109375,6.5224456787109375,lfr,1,100
rnn,device:RealWorld_thigh:10,192,2,5,134,RealWorld_thigh,0.4190972222222222,0.4247853150635903,0.3543526785714285,0.3578409452696318,6.5224456787109375,6.5224456787109375,lfr,1,100
rnn,device:RealWorld_thigh:10,192,2,5,135,RealWorld_thigh,0.4197916666666667,0.4256149365245512,0.3549107142857143,0.3583513461239793,6.5224456787109375,6.5224456787109375,lfr,1,100
rnn,device:RealWorld_thigh:10,192,2,5,136,RealWorld_thigh,0.4201388888888889,0.4259723942785645,0.3549107142857143,0.3582919553225985,6.5224456787109375,6.5224456787109375,lfr,1,100
rnn,device:RealWorld_thigh:10,192,2,5,137,RealWorld_thigh,0.4197916666666667,0.425704959658395,0.3543526785714285,0.3576993992858182,6.5224456787109375,6.5224456787109375,lfr,1,100
rnn,device:RealWorld_thigh:10,192,2,5,138,RealWorld_thigh,0.4194444444444444,0.4252858609261771,0.3560267857142857,0.3588295667254367,6.5224456787109375,6.5224456787109375,lfr,1,100
rnn,device:RealWorld_thigh:10,192,2,5,139,RealWorld_thigh,0.4208333333333333,0.4267093558470324,0.3504464285714285,0.355342719324495,6.5224456787109375,6.5224456787109375,lfr,1,100
rnn,device:RealWorld_thigh:10,192,2,5,140,RealWorld_thigh,0.4194444444444444,0.4252503800158526,0.3577008928571428,0.3597612117488284,6.5224456787109375,6.5224456787109375,lfr,1,100
rnn,device:RealWorld_thigh:10,192,2,5,141,RealWorld_thigh,0.4204861111111111,0.4264055418479962,0.3448660714285714,0.3509567810932565,6.5224456787109375,6.5224456787109375,lfr,1,100
rnn,device:RealWorld_thigh:10,192,2,5,142,RealWorld_thigh,0.4173611111111111,0.423334568589703,0.35546875,0.358293435064654,6.5224456787109375,6.5224456787109375,lfr,1,100
rnn,device:RealWorld_thigh:10,192,2,5,143,RealWorld_thigh,0.4173611111111111,0.4234029736952227,0.3504464285714285,0.3550018047860332,6.5224456787109375,6.5224456787109375,lfr,1,100
rnn,device:RealWorld_thigh:10,192,2,5,144,RealWorld_thigh,0.4166666666666667,0.4227121145393465,0.3532366071428571,0.357173859494271,6.5224456787109375,6.5224456787109375,lfr,1,100
rnn,device:RealWorld_thigh:10,192,2,5,145,RealWorld_thigh,0.4177083333333333,0.4237765399186896,0.3510044642857143,0.3558003759968962,6.5224456787109375,6.5224456787109375,lfr,1,100
rnn,device:RealWorld_thigh:10,192,2,5,146,RealWorld_thigh,0.4180555555555555,0.4243143123912006,0.3521205357142857,0.3561610853744408,6.5224456787109375,6.5224456787109375,lfr,1,100
rnn,device:RealWorld_thigh:10,192,2,5,147,RealWorld_thigh,0.4177083333333333,0.4239957683552142,0.3521205357142857,0.3564036840839928,6.5224456787109375,6.5224456787109375,lfr,1,100
rnn,device:RealWorld_thigh:10,192,2,5,148,RealWorld_thigh,0.4173611111111111,0.4237429049759744,0.3543526785714285,0.3578806014297906,6.5224456787109375,6.5224456787109375,lfr,1,100
rnn,device:RealWorld_thigh:10,192,2,5,149,RealWorld_thigh,0.4180555555555555,0.424661610598172,0.3487723214285714,0.3539743697883196,6.5224456787109375,6.5224456787109375,lfr,1,100
rnn,device:RealWorld_thigh:10,192,2,5,150,RealWorld_thigh,0.4159722222222222,0.4226737237091976,0.3549107142857143,0.3575899756663483,6.5224456787109375,6.5224456787109375,lfr,1,100
rnn,device:RealWorld_thigh:10,192,2,5,1,RealWorld_thigh,0.15069444444444444,0.0712905127824193,0.14118303571428573,0.06875422814684061,6.5224456787109375,6.5224456787109375,lfr,1,100
rnn,device:RealWorld_thigh:10,192,2,5,2,RealWorld_thigh,0.30972222222222223,0.18123157064678733,0.3052455357142857,0.17798242441464085,6.5224456787109375,6.5224456787109375,lfr,1,100
rnn,device:RealWorld_thigh:10,192,2,5,3,RealWorld_thigh,0.3145833333333333,0.1777993121046769,0.30691964285714285,0.17959897545776918,6.5224456787109375,6.5224456787109375,lfr,1,100
rnn,device:RealWorld_thigh:10,192,2,5,4,RealWorld_thigh,0.3190972222222222,0.1790957187510397,0.30859375,0.18186414849071408,6.5224456787109375,6.5224456787109375,lfr,1,100
rnn,device:RealWorld_thigh:10,192,2,5,5,RealWorld_thigh,0.3190972222222222,0.18077061181621165,0.31026785714285715,0.18517792641567501,6.5224456787109375,6.5224456787109375,lfr,1,100
rnn,device:RealWorld_thigh:10,192,2,5,6,RealWorld_thigh,0.3173611111111111,0.2366201301986246,0.29296875,0.1927455335554827,6.5224456787109375,6.5224456787109375,lfr,1,100
rnn,device:RealWorld_thigh:10,192,2,5,7,RealWorld_thigh,0.3211805555555556,0.1942934379703024,0.3197544642857143,0.19830104658283884,6.5224456787109375,6.5224456787109375,lfr,1,100
rnn,device:RealWorld_thigh:10,192,2,5,8,RealWorld_thigh,0.325,0.1994628523854154,0.32421875,0.20717464407166256,6.5224456787109375,6.5224456787109375,lfr,1,100
rnn,device:RealWorld_thigh:10,192,2,5,9,RealWorld_thigh,0.3298611111111111,0.2095510954997547,0.3286830357142857,0.21459162916807462,6.5224456787109375,6.5224456787109375,lfr,1,100
rnn,device:RealWorld_thigh:10,192,2,5,10,RealWorld_thigh,0.3402777777777778,0.22702145543009497,0.3359375,0.2256797744095831,6.5224456787109375,6.5224456787109375,lfr,1,100
rnn,device:RealWorld_thigh:10,192,2,5,11,RealWorld_thigh,0.35347222222222224,0.2476504915470077,0.34263392857142855,0.23757005691756097,6.5224456787109375,6.5224456787109375,lfr,1,100
rnn,device:RealWorld_thigh:10,192,2,5,12,RealWorld_thigh,0.3579861111111111,0.25859067835912747,0.3482142857142857,0.24891741884951693,6.5224456787109375,6.5224456787109375,lfr,1,100
rnn,device:RealWorld_thigh:10,192,2,5,13,RealWorld_thigh,0.365625,0.2722435998855943,0.36104910714285715,0.2657330048832163,6.5224456787109375,6.5224456787109375,lfr,1,100
rnn,device:RealWorld_thigh:10,192,2,5,14,RealWorld_thigh,0.36527777777777776,0.27669590800372973,0.3627232142857143,0.26753369744337463,6.5224456787109375,6.5224456787109375,lfr,1,100
rnn,device:RealWorld_thigh:10,192,2,5,15,RealWorld_thigh,0.37222222222222223,0.28364172596451037,0.3638392857142857,0.2672908319180483,6.5224456787109375,6.5224456787109375,lfr,1,100
rnn,device:RealWorld_thigh:10,192,2,5,16,RealWorld_thigh,0.3795138888888889,0.28965799371279305,0.36941964285714285,0.27039411118753587,6.5224456787109375,6.5224456787109375,lfr,1,100
rnn,device:RealWorld_thigh:10,192,2,5,17,RealWorld_thigh,0.38333333333333336,0.2939900209530761,0.3755580357142857,0.27986915973209925,6.5224456787109375,6.5224456787109375,lfr,1,100
rnn,device:RealWorld_thigh:10,192,2,5,18,RealWorld_thigh,0.3888888888888889,0.30202258452018704,0.37723214285714285,0.2856786089064658,6.5224456787109375,6.5224456787109375,lfr,1,100
rnn,device:RealWorld_thigh:10,192,2,5,19,RealWorld_thigh,0.3940972222222222,0.3141251519614455,0.3783482142857143,0.29483513391359767,6.5224456787109375,6.5224456787109375,lfr,1,100
rnn,device:RealWorld_thigh:10,192,2,5,20,RealWorld_thigh,0.3975694444444444,0.3235282949782621,0.3822544642857143,0.30330068877280264,6.5224456787109375,6.5224456787109375,lfr,1,100
rnn,device:RealWorld_thigh:10,192,2,5,21,RealWorld_thigh,0.40347222222222223,0.33385268752142877,0.38839285714285715,0.3134558244993251,6.5224456787109375,6.5224456787109375,lfr,1,100
rnn,device:RealWorld_thigh:10,192,2,5,22,RealWorld_thigh,0.40520833333333334,0.33806360843479927,0.38895089285714285,0.31624055779185817,6.5224456787109375,6.5224456787109375,lfr,1,100
rnn,device:RealWorld_thigh:10,192,2,5,23,RealWorld_thigh,0.4076388888888889,0.34250290514559256,0.3911830357142857,0.3201190378003315,6.5224456787109375,6.5224456787109375,lfr,1,100
rnn,device:RealWorld_thigh:10,192,2,5,24,RealWorld_thigh,0.41041666666666665,0.3468076986452789,0.38950892857142855,0.3196738146331222,6.5224456787109375,6.5224456787109375,lfr,1,100
rnn,device:RealWorld_thigh:10,192,2,5,25,RealWorld_thigh,0.41388888888888886,0.35264545770340144,0.3900669642857143,0.3218521076756387,6.5224456787109375,6.5224456787109375,lfr,1,100
rnn,device:RealWorld_thigh:10,192,2,5,26,RealWorld_thigh,0.4128472222222222,0.35313962100598384,0.38560267857142855,0.32054734109079724,6.5224456787109375,6.5224456787109375,lfr,1,100
rnn,device:RealWorld_thigh:10,192,2,5,27,RealWorld_thigh,0.4097222222222222,0.3531117952441656,0.3833705357142857,0.3200778866257559,6.5224456787109375,6.5224456787109375,lfr,1,100
rnn,device:RealWorld_thigh:10,192,2,5,28,RealWorld_thigh,0.4013888888888889,0.3499340593143367,0.3638392857142857,0.3126267980243293,6.5224456787109375,6.5224456787109375,lfr,1,100
rnn,device:RealWorld_thigh:10,192,2,5,29,RealWorld_thigh,0.3767361111111111,0.3700503488225804,0.31919642857142855,0.29654623263790375,6.5224456787109375,6.5224456787109375,lfr,1,100
rnn,device:RealWorld_thigh:10,192,2,5,30,RealWorld_thigh,0.40347222222222223,0.3817130040116225,0.4029017857142857,0.35766672515153863,6.5224456787109375,6.5224456787109375,lfr,1,100
rnn,device:RealWorld_thigh:10,192,2,5,31,RealWorld_thigh,0.43368055555555557,0.400174962970326,0.40234375,0.35562110734119284,6.5224456787109375,6.5224456787109375,lfr,1,100
rnn,device:RealWorld_thigh:10,192,2,5,32,RealWorld_thigh,0.39895833333333336,0.38239663120109163,0.40345982142857145,0.36524067218642536,6.5224456787109375,6.5224456787109375,lfr,1,100
rnn,device:RealWorld_thigh:10,192,2,5,33,RealWorld_thigh,0.4232638888888889,0.39721006772573064,0.40401785714285715,0.35902067767068674,6.5224456787109375,6.5224456787109375,lfr,1,100
rnn,device:RealWorld_thigh:10,192,2,5,34,RealWorld_thigh,0.40520833333333334,0.3863112834738402,0.40345982142857145,0.3594137218935223,6.5224456787109375,6.5224456787109375,lfr,1,100
rnn,device:RealWorld_thigh:10,192,2,5,35,RealWorld_thigh,0.43506944444444445,0.40472251261806713,0.3984375,0.3518501772849476,6.5224456787109375,6.5224456787109375,lfr,1,100
rnn,device:RealWorld_thigh:10,192,2,5,36,RealWorld_thigh,0.4392361111111111,0.40659528135015327,0.3989955357142857,0.3506461628052319,6.5224456787109375,6.5224456787109375,lfr,1,100
rnn,device:RealWorld_thigh:10,192,2,5,37,RealWorld_thigh,0.42118055555555556,0.39973972170398486,0.39955357142857145,0.3533066747924911,6.5224456787109375,6.5224456787109375,lfr,1,100
rnn,device:RealWorld_thigh:10,192,2,5,38,RealWorld_thigh,0.4409722222222222,0.4123107650793147,0.3989955357142857,0.3516478165692522,6.5224456787109375,6.5224456787109375,lfr,1,100
rnn,device:RealWorld_thigh:10,192,2,5,39,RealWorld_thigh,0.40520833333333334,0.3915373155968945,0.40122767857142855,0.35753860079338584,6.5224456787109375,6.5224456787109375,lfr,1,100
rnn,device:RealWorld_thigh:10,192,2,5,40,RealWorld_thigh,0.4388888888888889,0.40543448441541646,0.39453125,0.3437139658132362,6.5224456787109375,6.5224456787109375,lfr,1,100
rnn,device:RealWorld_thigh:10,192,2,5,41,RealWorld_thigh,0.44027777777777777,0.40840387374852516,0.39564732142857145,0.34622337564914485,6.5224456787109375,6.5224456787109375,lfr,1,100
rnn,device:RealWorld_thigh:10,192,2,5,42,RealWorld_thigh,0.4409722222222222,0.4116582058679743,0.39620535714285715,0.34880919680133493,6.5224456787109375,6.5224456787109375,lfr,1,100
rnn,device:RealWorld_thigh:10,192,2,5,43,RealWorld_thigh,0.4309027777777778,0.40913625033566325,0.3984375,0.35403532618893774,6.5224456787109375,6.5224456787109375,lfr,1,100
rnn,device:RealWorld_thigh:10,192,2,5,44,RealWorld_thigh,0.4076388888888889,0.39416519356460694,0.39955357142857145,0.3567105384286607,6.5224456787109375,6.5224456787109375,lfr,1,100
rnn,device:RealWorld_thigh:10,192,2,5,45,RealWorld_thigh,0.4420138888888889,0.41268023058344155,0.39732142857142855,0.3509208019018688,6.5224456787109375,6.5224456787109375,lfr,1,100
rnn,device:RealWorld_thigh:10,192,2,5,46,RealWorld_thigh,0.43159722222222224,0.41090797715275834,0.39676339285714285,0.3514061893745007,6.5224456787109375,6.5224456787109375,lfr,1,100
rnn,device:RealWorld_thigh:10,192,2,5,47,RealWorld_thigh,0.43506944444444445,0.41381921834106256,0.39732142857142855,0.35173509702414724,6.5224456787109375,6.5224456787109375,lfr,1,100
rnn,device:RealWorld_thigh:10,192,2,5,48,RealWorld_thigh,0.4114583333333333,0.3978554938129557,0.39732142857142855,0.3528533324953733,6.5224456787109375,6.5224456787109375,lfr,1,100
rnn,device:RealWorld_thigh:10,192,2,5,49,RealWorld_thigh,0.40625,0.39616782941935963,0.40122767857142855,0.3603622092707088,6.5224456787109375,6.5224456787109375,lfr,1,100
rnn,device:RealWorld_thigh:10,192,2,5,50,RealWorld_thigh,0.4409722222222222,0.4163438719446509,0.3989955357142857,0.353237880735193,6.5224456787109375,6.5224456787109375,lfr,1,100
rnn,device:RealWorld_thigh:10,192,2,5,51,RealWorld_thigh,0.4076388888888889,0.39658076562146843,0.39955357142857145,0.35645326574089503,6.5224456787109375,6.5224456787109375,lfr,1,100
rnn,device:RealWorld_thigh:10,192,2,5,52,RealWorld_thigh,0.415625,0.40129082155269763,0.3989955357142857,0.35520268730192034,6.5224456787109375,6.5224456787109375,lfr,1,100
rnn,device:RealWorld_thigh:10,192,2,5,53,RealWorld_thigh,0.4409722222222222,0.41727069240672426,0.3984375,0.3521687686108428,6.5224456787109375,6.5224456787109375,lfr,1,100
rnn,device:RealWorld_thigh:10,192,2,5,54,RealWorld_thigh,0.41006944444444443,0.39818686788266816,0.40011160714285715,0.3563911825657345,6.5224456787109375,6.5224456787109375,lfr,1,100
rnn,device:RealWorld_thigh:10,192,2,5,55,RealWorld_thigh,0.42986111111111114,0.4116949339658495,0.39955357142857145,0.3551251693179762,6.5224456787109375,6.5224456787109375,lfr,1,100
rnn,device:RealWorld_thigh:10,192,2,5,56,RealWorld_thigh,0.44513888888888886,0.4225685683845728,0.40122767857142855,0.35565047835188435,6.5224456787109375,6.5224456787109375,lfr,1,100
rnn,device:RealWorld_thigh:10,192,2,5,57,RealWorld_thigh,0.4486111111111111,0.4241145410576734,0.40066964285714285,0.35533879768335824,6.5224456787109375,6.5224456787109375,lfr,1,100
rnn,device:RealWorld_thigh:10,192,2,5,58,RealWorld_thigh,0.4204861111111111,0.40768593968396033,0.3989955357142857,0.3548000688915413,6.5224456787109375,6.5224456787109375,lfr,1,100
rnn,device:RealWorld_thigh:10,192,2,5,59,RealWorld_thigh,0.4131944444444444,0.4052071544874758,0.40122767857142855,0.3602184027507242,6.5224456787109375,6.5224456787109375,lfr,1,100
rnn,device:RealWorld_thigh:10,192,2,5,60,RealWorld_thigh,0.4131944444444444,0.40614320403105325,0.40234375,0.36303835673779034,6.5224456787109375,6.5224456787109375,lfr,1,100
rnn,device:RealWorld_thigh:10,192,2,5,61,RealWorld_thigh,0.41423611111111114,0.4082483896443552,0.40345982142857145,0.3654273541075263,6.5224456787109375,6.5224456787109375,lfr,1,100
rnn,device:RealWorld_thigh:10,192,2,5,62,RealWorld_thigh,0.4149305555555556,0.40955446682332014,0.4029017857142857,0.36654889604036534,6.5224456787109375,6.5224456787109375,lfr,1,100
rnn,device:RealWorld_thigh:10,192,2,5,63,RealWorld_thigh,0.4173611111111111,0.41248928653462197,0.4029017857142857,0.36875355057573705,6.5224456787109375,6.5224456787109375,lfr,1,100
rnn,device:RealWorld_thigh:10,192,2,5,64,RealWorld_thigh,0.4107638888888889,0.4087604564245766,0.3989955357142857,0.37065059601343714,6.5224456787109375,6.5224456787109375,lfr,1,100
rnn,device:RealWorld_thigh:10,192,2,5,65,RealWorld_thigh,0.41215277777777776,0.41005577520058784,0.40122767857142855,0.37292050949801,6.5224456787109375,6.5224456787109375,lfr,1,100
rnn,device:RealWorld_thigh:10,192,2,5,66,RealWorld_thigh,0.41770833333333335,0.4150615295548559,0.40345982142857145,0.3720261544433505,6.5224456787109375,6.5224456787109375,lfr,1,100
rnn,device:RealWorld_thigh:10,192,2,5,67,RealWorld_thigh,0.41631944444444446,0.4140689876061204,0.40401785714285715,0.37362317801814404,6.5224456787109375,6.5224456787109375,lfr,1,100
rnn,device:RealWorld_thigh:10,192,2,5,68,RealWorld_thigh,0.41875,0.41674373361396416,0.40457589285714285,0.3732130246751561,6.5224456787109375,6.5224456787109375,lfr,1,100
rnn,device:RealWorld_thigh:10,192,2,5,69,RealWorld_thigh,0.4184027777777778,0.41665430039182255,0.40625,0.37553146022207007,6.5224456787109375,6.5224456787109375,lfr,1,100
rnn,device:RealWorld_thigh:10,192,2,5,70,RealWorld_thigh,0.42083333333333334,0.41876789802165715,0.4068080357142857,0.37430981991287315,6.5224456787109375,6.5224456787109375,lfr,1,100
rnn,device:RealWorld_thigh:10,192,2,5,71,RealWorld_thigh,0.4204861111111111,0.4191091469924155,0.40625,0.3742432903282638,6.5224456787109375,6.5224456787109375,lfr,1,100
rnn,device:RealWorld_thigh:10,192,2,5,72,RealWorld_thigh,0.4204861111111111,0.41902366464021895,0.4068080357142857,0.3747765230890539,6.5224456787109375,6.5224456787109375,lfr,1,100
rnn,device:RealWorld_thigh:10,192,2,5,73,RealWorld_thigh,0.4215277777777778,0.4199093200577235,0.40848214285714285,0.37606910388522774,6.5224456787109375,6.5224456787109375,lfr,1,100
rnn,device:RealWorld_thigh:10,192,2,5,74,RealWorld_thigh,0.4184027777777778,0.4178346548874323,0.40792410714285715,0.37664864056779646,6.5224456787109375,6.5224456787109375,lfr,1,100
rnn,device:RealWorld_thigh:10,192,2,5,75,RealWorld_thigh,0.41944444444444445,0.41904752668440864,0.4095982142857143,0.3774831262225109,6.5224456787109375,6.5224456787109375,lfr,1,100
rnn,device:RealWorld_thigh:10,192,2,5,76,RealWorld_thigh,0.41944444444444445,0.41931856951816004,0.41015625,0.37860954169647404,6.5224456787109375,6.5224456787109375,lfr,1,100
rnn,device:RealWorld_thigh:10,192,2,5,77,RealWorld_thigh,0.4170138888888889,0.4173594960300442,0.41015625,0.378931769387439,6.5224456787109375,6.5224456787109375,lfr,1,100
rnn,device:RealWorld_thigh:10,192,2,5,78,RealWorld_thigh,0.42118055555555556,0.420794679483983,0.41127232142857145,0.37933260455501827,6.5224456787109375,6.5224456787109375,lfr,1,100
rnn,device:RealWorld_thigh:10,192,2,5,79,RealWorld_thigh,0.41944444444444445,0.4199335652722643,0.4140625,0.3826453947677065,6.5224456787109375,6.5224456787109375,lfr,1,100
rnn,device:RealWorld_thigh:10,192,2,5,80,RealWorld_thigh,0.4204861111111111,0.42050036419744047,0.4140625,0.38227574359254185,6.5224456787109375,6.5224456787109375,lfr,1,100
rnn,device:RealWorld_thigh:10,192,2,5,81,RealWorld_thigh,0.4270833333333333,0.4258677892981546,0.41685267857142855,0.3843388020045945,6.5224456787109375,6.5224456787109375,lfr,1,100
rnn,device:RealWorld_thigh:10,192,2,5,82,RealWorld_thigh,0.428125,0.42622774676850117,0.4174107142857143,0.38275295352180416,6.5224456787109375,6.5224456787109375,lfr,1,100
rnn,device:RealWorld_thigh:10,192,2,5,83,RealWorld_thigh,0.4131944444444444,0.4154904642188885,0.41517857142857145,0.3873605910127155,6.5224456787109375,6.5224456787109375,lfr,1,100
rnn,device:RealWorld_thigh:10,192,2,5,84,RealWorld_thigh,0.4152777777777778,0.41724230048094535,0.41517857142857145,0.3861573520171318,6.5224456787109375,6.5224456787109375,lfr,1,100
rnn,device:RealWorld_thigh:10,192,2,5,85,RealWorld_thigh,0.40868055555555555,0.41217892962447517,0.41294642857142855,0.3870177661769001,6.5224456787109375,6.5224456787109375,lfr,1,100
rnn,device:RealWorld_thigh:10,192,2,5,86,RealWorld_thigh,0.3993055555555556,0.4042990824418944,0.36886160714285715,0.3588115815761119,6.5224456787109375,6.5224456787109375,lfr,1,100
rnn,device:RealWorld_thigh:10,192,2,5,87,RealWorld_thigh,0.3996527777777778,0.40478327035719186,0.3521205357142857,0.34949415121415023,6.5224456787109375,6.5224456787109375,lfr,1,100
rnn,device:RealWorld_thigh:10,192,2,5,88,RealWorld_thigh,0.40034722222222224,0.40538710211383305,0.3470982142857143,0.34600904726902515,6.5224456787109375,6.5224456787109375,lfr,1,100
rnn,device:RealWorld_thigh:10,192,2,5,89,RealWorld_thigh,0.4013888888888889,0.4065006396061561,0.35267857142857145,0.34987306755402475,6.5224456787109375,6.5224456787109375,lfr,1,100
rnn,device:RealWorld_thigh:10,192,2,5,90,RealWorld_thigh,0.4013888888888889,0.4067911755236535,0.3470982142857143,0.34656121280132596,6.5224456787109375,6.5224456787109375,lfr,1,100
rnn,device:RealWorld_thigh:10,192,2,5,91,RealWorld_thigh,0.403125,0.4083430568674113,0.35323660714285715,0.3504916890157422,6.5224456787109375,6.5224456787109375,lfr,1,100
rnn,device:RealWorld_thigh:10,192,2,5,92,RealWorld_thigh,0.4027777777777778,0.40835548796671306,0.34765625,0.346985858821532,6.5224456787109375,6.5224456787109375,lfr,1,100
rnn,device:RealWorld_thigh:10,192,2,5,93,RealWorld_thigh,0.4045138888888889,0.4098998206021376,0.3515625,0.34923257886961245,6.5224456787109375,6.5224456787109375,lfr,1,100
rnn,device:RealWorld_thigh:10,192,2,5,94,RealWorld_thigh,0.4048611111111111,0.4101375477695964,0.359375,0.35534072312263904,6.5224456787109375,6.5224456787109375,lfr,1,100
rnn,device:RealWorld_thigh:10,192,2,5,95,RealWorld_thigh,0.4045138888888889,0.41005528129215163,0.34542410714285715,0.3464633699209209,6.5224456787109375,6.5224456787109375,lfr,1,100
rnn,device:RealWorld_thigh:10,192,2,5,96,RealWorld_thigh,0.4045138888888889,0.409755279009637,0.3666294642857143,0.359354230755168,6.5224456787109375,6.5224456787109375,lfr,1,100
rnn,device:RealWorld_thigh:10,192,2,5,97,RealWorld_thigh,0.4045138888888889,0.41022388816970584,0.34598214285714285,0.3468676411447129,6.5224456787109375,6.5224456787109375,lfr,1,100
rnn,device:RealWorld_thigh:10,192,2,5,98,RealWorld_thigh,0.4059027777777778,0.41121860520497583,0.3638392857142857,0.35887668408594736,6.5224456787109375,6.5224456787109375,lfr,1,100
rnn,device:RealWorld_thigh:10,192,2,5,99,RealWorld_thigh,0.4059027777777778,0.41166834846955486,0.3470982142857143,0.34834250862539773,6.5224456787109375,6.5224456787109375,lfr,1,100
rnn,device:RealWorld_thigh:10,192,2,5,100,RealWorld_thigh,0.40520833333333334,0.41086921147514155,0.35546875,0.3533182625887472,6.5224456787109375,6.5224456787109375,lfr,1,100
rnn,device:RealWorld_thigh:10,192,2,5,101,RealWorld_thigh,0.4076388888888889,0.41319140883553745,0.35267857142857145,0.35176404272237427,6.5224456787109375,6.5224456787109375,lfr,1,100
rnn,device:RealWorld_thigh:10,192,2,5,102,RealWorld_thigh,0.40868055555555555,0.41416403696561305,0.35323660714285715,0.35202983587167824,6.5224456787109375,6.5224456787109375,lfr,1,100
rnn,device:RealWorld_thigh:10,192,2,5,103,RealWorld_thigh,0.40868055555555555,0.4140516196321387,0.35323660714285715,0.352615194485123,6.5224456787109375,6.5224456787109375,lfr,1,100
rnn,device:RealWorld_thigh:10,192,2,5,104,RealWorld_thigh,0.4079861111111111,0.41344309443674004,0.3599330357142857,0.3572096898865611,6.5224456787109375,6.5224456787109375,lfr,1,100
rnn,device:RealWorld_thigh:10,192,2,5,105,RealWorld_thigh,0.4076388888888889,0.4131260309845339,0.35825892857142855,0.35574927041337884,6.5224456787109375,6.5224456787109375,lfr,1,100
rnn,device:RealWorld_thigh:10,192,2,5,106,RealWorld_thigh,0.4083333333333333,0.4137999470063156,0.36049107142857145,0.3576065146300025,6.5224456787109375,6.5224456787109375,lfr,1,100
rnn,device:RealWorld_thigh:10,192,2,5,107,RealWorld_thigh,0.40902777777777777,0.4145136030089734,0.3599330357142857,0.3574073412059993,6.5224456787109375,6.5224456787109375,lfr,1,100
rnn,device:RealWorld_thigh:10,192,2,5,108,RealWorld_thigh,0.409375,0.41482210817752957,0.36104910714285715,0.3590348449066168,6.5224456787109375,6.5224456787109375,lfr,1,100
rnn,device:RealWorld_thigh:10,192,2,5,109,RealWorld_thigh,0.41041666666666665,0.4158501965324979,0.3627232142857143,0.3600445979479905,6.5224456787109375,6.5224456787109375,lfr,1,100
rnn,device:RealWorld_thigh:10,192,2,5,110,RealWorld_thigh,0.4107638888888889,0.4162331686373093,0.35379464285714285,0.35388399511372165,6.5224456787109375,6.5224456787109375,lfr,1,100
rnn,device:RealWorld_thigh:10,192,2,5,111,RealWorld_thigh,0.4125,0.4178839117685462,0.3560267857142857,0.35544077855688355,6.5224456787109375,6.5224456787109375,lfr,1,100
rnn,device:RealWorld_thigh:10,192,2,5,112,RealWorld_thigh,0.41180555555555554,0.4169487606493573,0.36104910714285715,0.35868759629643,6.5224456787109375,6.5224456787109375,lfr,1,100
rnn,device:RealWorld_thigh:10,192,2,5,113,RealWorld_thigh,0.4107638888888889,0.41639204531910207,0.35379464285714285,0.3547425756269574,6.5224456787109375,6.5224456787109375,lfr,1,100
rnn,device:RealWorld_thigh:10,192,2,5,114,RealWorld_thigh,0.41215277777777776,0.4176726711717645,0.35658482142857145,0.35594125935330184,6.5224456787109375,6.5224456787109375,lfr,1,100
rnn,device:RealWorld_thigh:10,192,2,5,115,RealWorld_thigh,0.4125,0.41783403759084675,0.36104910714285715,0.35901889186766794,6.5224456787109375,6.5224456787109375,lfr,1,100
rnn,device:RealWorld_thigh:10,192,2,5,116,RealWorld_thigh,0.41215277777777776,0.4175256403591683,0.35546875,0.35501782595580406,6.5224456787109375,6.5224456787109375,lfr,1,100
rnn,device:RealWorld_thigh:10,192,2,5,117,RealWorld_thigh,0.41354166666666664,0.41877587590300286,0.35658482142857145,0.3562180115360966,6.5224456787109375,6.5224456787109375,lfr,1,100
rnn,device:RealWorld_thigh:10,192,2,5,118,RealWorld_thigh,0.41423611111111114,0.41957658375367596,0.35658482142857145,0.35652049773329625,6.5224456787109375,6.5224456787109375,lfr,1,100
rnn,device:RealWorld_thigh:10,192,2,5,119,RealWorld_thigh,0.41458333333333336,0.4198369151701062,0.35770089285714285,0.3575436709439886,6.5224456787109375,6.5224456787109375,lfr,1,100
rnn,device:RealWorld_thigh:10,192,2,5,120,RealWorld_thigh,0.41423611111111114,0.41955778351632705,0.35714285714285715,0.35738359235712674,6.5224456787109375,6.5224456787109375,lfr,1,100
rnn,device:RealWorld_thigh:10,192,2,5,121,RealWorld_thigh,0.41423611111111114,0.4196183964843872,0.35714285714285715,0.3575048294908325,6.5224456787109375,6.5224456787109375,lfr,1,100
rnn,device:RealWorld_thigh:10,192,2,5,122,RealWorld_thigh,0.4149305555555556,0.4202369633981069,0.35714285714285715,0.3578762448785828,6.5224456787109375,6.5224456787109375,lfr,1,100
rnn,device:RealWorld_thigh:10,192,2,5,123,RealWorld_thigh,0.41458333333333336,0.4200433760780007,0.35770089285714285,0.3591404640897917,6.5224456787109375,6.5224456787109375,lfr,1,100
rnn,device:RealWorld_thigh:10,192,2,5,124,RealWorld_thigh,0.41597222222222224,0.4213398765730411,0.3599330357142857,0.3602356468692181,6.5224456787109375,6.5224456787109375,lfr,1,100
rnn,device:RealWorld_thigh:10,192,2,5,125,RealWorld_thigh,0.4166666666666667,0.4221564457509941,0.35435267857142855,0.35696433794666477,6.5224456787109375,6.5224456787109375,lfr,1,100
rnn,device:RealWorld_thigh:10,192,2,5,126,RealWorld_thigh,0.4170138888888889,0.4225358843942617,0.35323660714285715,0.3562972986912978,6.5224456787109375,6.5224456787109375,lfr,1,100
rnn,device:RealWorld_thigh:10,192,2,5,127,RealWorld_thigh,0.41597222222222224,0.42149448639493176,0.35435267857142855,0.35718278641937,6.5224456787109375,6.5224456787109375,lfr,1,100
rnn,device:RealWorld_thigh:10,192,2,5,128,RealWorld_thigh,0.4170138888888889,0.4227918847645884,0.35658482142857145,0.35887147723606266,6.5224456787109375,6.5224456787109375,lfr,1,100
rnn,device:RealWorld_thigh:10,192,2,5,129,RealWorld_thigh,0.41770833333333335,0.42336819745379684,0.35714285714285715,0.3593023245862481,6.5224456787109375,6.5224456787109375,lfr,1,100
rnn,device:RealWorld_thigh:10,192,2,5,130,RealWorld_thigh,0.41770833333333335,0.42343256879986435,0.35323660714285715,0.35612744449029776,6.5224456787109375,6.5224456787109375,lfr,1,100
rnn,device:RealWorld_thigh:10,192,2,5,131,RealWorld_thigh,0.41805555555555557,0.42374164612436355,0.35435267857142855,0.35727188444135605,6.5224456787109375,6.5224456787109375,lfr,1,100
rnn,device:RealWorld_thigh:10,192,2,5,132,RealWorld_thigh,0.41875,0.4243871039464784,0.35267857142857145,0.3561511749239552,6.5224456787109375,6.5224456787109375,lfr,1,100
rnn,device:RealWorld_thigh:10,192,2,5,133,RealWorld_thigh,0.41875,0.4244656661208556,0.35323660714285715,0.3567236142405144,6.5224456787109375,6.5224456787109375,lfr,1,100
rnn,device:RealWorld_thigh:10,192,2,5,134,RealWorld_thigh,0.41909722222222223,0.4247853150635903,0.35435267857142855,0.3578409452696318,6.5224456787109375,6.5224456787109375,lfr,1,100
rnn,device:RealWorld_thigh:10,192,2,5,135,RealWorld_thigh,0.4197916666666667,0.4256149365245512,0.3549107142857143,0.3583513461239793,6.5224456787109375,6.5224456787109375,lfr,1,100
rnn,device:RealWorld_thigh:10,192,2,5,136,RealWorld_thigh,0.4201388888888889,0.42597239427856454,0.3549107142857143,0.35829195532259855,6.5224456787109375,6.5224456787109375,lfr,1,100
rnn,device:RealWorld_thigh:10,192,2,5,137,RealWorld_thigh,0.4197916666666667,0.42570495965839505,0.35435267857142855,0.3576993992858182,6.5224456787109375,6.5224456787109375,lfr,1,100
rnn,device:RealWorld_thigh:10,192,2,5,138,RealWorld_thigh,0.41944444444444445,0.4252858609261771,0.3560267857142857,0.3588295667254367,6.5224456787109375,6.5224456787109375,lfr,1,100
rnn,device:RealWorld_thigh:10,192,2,5,139,RealWorld_thigh,0.42083333333333334,0.42670935584703246,0.35044642857142855,0.35534271932449507,6.5224456787109375,6.5224456787109375,lfr,1,100
rnn,device:RealWorld_thigh:10,192,2,5,140,RealWorld_thigh,0.41944444444444445,0.42525038001585264,0.35770089285714285,0.35976121174882847,6.5224456787109375,6.5224456787109375,lfr,1,100
rnn,device:RealWorld_thigh:10,192,2,5,141,RealWorld_thigh,0.4204861111111111,0.4264055418479962,0.34486607142857145,0.3509567810932565,6.5224456787109375,6.5224456787109375,lfr,1,100
rnn,device:RealWorld_thigh:10,192,2,5,142,RealWorld_thigh,0.4173611111111111,0.423334568589703,0.35546875,0.358293435064654,6.5224456787109375,6.5224456787109375,lfr,1,100
rnn,device:RealWorld_thigh:10,192,2,5,143,RealWorld_thigh,0.4173611111111111,0.4234029736952227,0.35044642857142855,0.35500180478603327,6.5224456787109375,6.5224456787109375,lfr,1,100
rnn,device:RealWorld_thigh:10,192,2,5,144,RealWorld_thigh,0.4166666666666667,0.4227121145393465,0.35323660714285715,0.35717385949427105,6.5224456787109375,6.5224456787109375,lfr,1,100
rnn,device:RealWorld_thigh:10,192,2,5,145,RealWorld_thigh,0.41770833333333335,0.42377653991868963,0.3510044642857143,0.35580037599689623,6.5224456787109375,6.5224456787109375,lfr,1,100
rnn,device:RealWorld_thigh:10,192,2,5,146,RealWorld_thigh,0.41805555555555557,0.4243143123912006,0.3521205357142857,0.35616108537444086,6.5224456787109375,6.5224456787109375,lfr,1,100
rnn,device:RealWorld_thigh:10,192,2,5,147,RealWorld_thigh,0.41770833333333335,0.4239957683552142,0.3521205357142857,0.3564036840839928,6.5224456787109375,6.5224456787109375,lfr,1,100
rnn,device:RealWorld_thigh:10,192,2,5,148,RealWorld_thigh,0.4173611111111111,0.42374290497597444,0.35435267857142855,0.3578806014297906,6.5224456787109375,6.5224456787109375,lfr,1,100
rnn,device:RealWorld_thigh:10,192,2,5,149,RealWorld_thigh,0.41805555555555557,0.42466161059817203,0.34877232142857145,0.3539743697883196,6.5224456787109375,6.5224456787109375,lfr,1,100
rnn,device:RealWorld_thigh:10,192,2,5,150,RealWorld_thigh,0.41597222222222224,0.4226737237091976,0.3549107142857143,0.35758997566634837,6.5224456787109375,6.5224456787109375,lfr,1,100
